/*
    password: ppp
*/

INSERT INTO UserTable (email,ucoID,firstName,lastName,password) VALUES ('derek@techdudes.com','66571717','Derek','Renfro','c4289629b08bc4d61411aaa6d6d4a0c3c5f8c1e848e282976e29b6bed5aeedc7');
INSERT INTO UserTable (email,ucoID,firstName,lastName,password) VALUES ('ante@loremvehicula.com','42638067','Joel','George','c4289629b08bc4d61411aaa6d6d4a0c3c5f8c1e848e282976e29b6bed5aeedc7');
INSERT INTO UserTable (email,ucoID,firstName,lastName,password) VALUES ('sed.est@purusmauris.org','68098644','Buckminster','Deleon','c4289629b08bc4d61411aaa6d6d4a0c3c5f8c1e848e282976e29b6bed5aeedc7');
INSERT INTO UserTable (email,ucoID,firstName,lastName,password) VALUES ('ullamcorper.magna@nonarcuVivamus.co.uk','81891981','Simon','Campos','c4289629b08bc4d61411aaa6d6d4a0c3c5f8c1e848e282976e29b6bed5aeedc7');
INSERT INTO UserTable (email,ucoID,firstName,lastName,password) VALUES ('turpis@mauris.co.uk','92706320','Elliott','Glenn','c4289629b08bc4d61411aaa6d6d4a0c3c5f8c1e848e282976e29b6bed5aeedc7');
INSERT INTO UserTable (email,ucoID,firstName,lastName,password) VALUES ('adipiscing@odiovel.ca','31713272','Clarke','Shaw','c4289629b08bc4d61411aaa6d6d4a0c3c5f8c1e848e282976e29b6bed5aeedc7');
INSERT INTO UserTable (email,ucoID,firstName,lastName,password) VALUES ('elit.elit@netusetmalesuada.com','11604103','Axel','Porter','c4289629b08bc4d61411aaa6d6d4a0c3c5f8c1e848e282976e29b6bed5aeedc7');
INSERT INTO UserTable (email,ucoID,firstName,lastName,password) VALUES ('Morbi.neque@sociis.edu','41915485','Kenyon','Gamble','c4289629b08bc4d61411aaa6d6d4a0c3c5f8c1e848e282976e29b6bed5aeedc7');
INSERT INTO UserTable (email,ucoID,firstName,lastName,password) VALUES ('mi.Duis.risus@urnaconvallis.org','26275653','Kuame','Huber','c4289629b08bc4d61411aaa6d6d4a0c3c5f8c1e848e282976e29b6bed5aeedc7');
INSERT INTO UserTable (email,ucoID,firstName,lastName,password) VALUES ('faucibus.lectus.a@malesuadaaugueut.net','90200795','Gregory','Ayala','c4289629b08bc4d61411aaa6d6d4a0c3c5f8c1e848e282976e29b6bed5aeedc7');
INSERT INTO UserTable (email,ucoID,firstName,lastName,password) VALUES ('student@test.com','12345678','Kenyon','Gamble','c4289629b08bc4d61411aaa6d6d4a0c3c5f8c1e848e282976e29b6bed5aeedc7');
INSERT INTO UserTable (email,ucoID,firstName,lastName,password) VALUES ('admin@test.com','87654321','Kuame','Huber','c4289629b08bc4d61411aaa6d6d4a0c3c5f8c1e848e282976e29b6bed5aeedc7');
INSERT INTO UserTable (email,ucoID,firstName,lastName,password) VALUES ('secretary@test.com','15935746','Gregory','Ayala','c4289629b08bc4d61411aaa6d6d4a0c3c5f8c1e848e282976e29b6bed5aeedc7');
insert into takencourses (courseid, userid, grade) values (13, 11, 'A');
/*
    Extra students for test
*/
INSERT INTO UserTable (email,ucoID,firstName,lastName,password) VALUES ('test@uco.edu','66571717','bob','Mercado','c4289629b08bc4d61411aaa6d6d4a0c3c5f8c1e848e282976e29b6bed5aeedc7');
INSERT INTO UserTable (email,ucoID,firstName,lastName,password) VALUES ('test1@uco.edu','42638067','fred','George','c4289629b08bc4d61411aaa6d6d4a0c3c5f8c1e848e282976e29b6bed5aeedc7');
INSERT INTO UserTable (email,ucoID,firstName,lastName,password) VALUES ('test2@uco.edu','68098644','buck','Deleon','c4289629b08bc4d61411aaa6d6d4a0c3c5f8c1e848e282976e29b6bed5aeedc7');
INSERT INTO UserTable (email,ucoID,firstName,lastName,password) VALUES ('test3@uco.edu','81891981','dude','Campos','c4289629b08bc4d61411aaa6d6d4a0c3c5f8c1e848e282976e29b6bed5aeedc7');
INSERT INTO UserTable (email,ucoID,firstName,lastName,password) VALUES ('test4@uco.edu','92706320','paul','Glenn','c4289629b08bc4d61411aaa6d6d4a0c3c5f8c1e848e282976e29b6bed5aeedc7');
INSERT INTO UserTable (email,ucoID,firstName,lastName,password) VALUES ('test5@uco.edu','31713272','george','Shaw','c4289629b08bc4d61411aaa6d6d4a0c3c5f8c1e848e282976e29b6bed5aeedc7');
INSERT INTO GroupTable (email, groupName, userID) VALUES ('test@uco.edu','student',14);
INSERT INTO GroupTable (email, groupName, userID) VALUES ('test1@uco.edu','student'15);
INSERT INTO GroupTable (email, groupName, userID) VALUES ('test2@uco.edu','student',16);
INSERT INTO GroupTable (email, groupName, userID) VALUES ('test3@uco.edu','student',17);
INSERT INTO GroupTable (email, groupName, userID) VALUES ('test4@uco.edu','student',18);
INSERT INTO GroupTable (email, groupName, userID) VALUES ('test5@uco.edu','student',19);

INSERT INTO UserTable (email,ucoID,firstName,lastName,password) VALUES ('test6@uco.edu','66571717','frank','morgan','c4289629b08bc4d61411aaa6d6d4a0c3c5f8c1e848e282976e29b6bed5aeedc7');
INSERT INTO UserTable (email,ucoID,firstName,lastName,password) VALUES ('test7@uco.edu','42638067','joey','smith','c4289629b08bc4d61411aaa6d6d4a0c3c5f8c1e848e282976e29b6bed5aeedc7');
INSERT INTO UserTable (email,ucoID,firstName,lastName,password) VALUES ('test8@uco.edu','68098644','wes','joy','c4289629b08bc4d61411aaa6d6d4a0c3c5f8c1e848e282976e29b6bed5aeedc7');
INSERT INTO UserTable (email,ucoID,firstName,lastName,password) VALUES ('test9@uco.edu','81891981','bob','potvin','c4289629b08bc4d61411aaa6d6d4a0c3c5f8c1e848e282976e29b6bed5aeedc7');
INSERT INTO UserTable (email,ucoID,firstName,lastName,password) VALUES ('test10@uco.edu','92706320','jethro','elliott','c4289629b08bc4d61411aaa6d6d4a0c3c5f8c1e848e282976e29b6bed5aeedc7');
INSERT INTO UserTable (email,ucoID,firstName,lastName,password) VALUES ('test11@uco.edu','31713272','ellie','bron','c4289629b08bc4d61411aaa6d6d4a0c3c5f8c1e848e282976e29b6bed5aeedc7');
INSERT INTO GroupTable (email, groupName, userID) VALUES ('test6@uco.edu','student',20);
INSERT INTO GroupTable (email, groupName, userID) VALUES ('test7@uco.edu','student'21);
INSERT INTO GroupTable (email, groupName, userID) VALUES ('test8@uco.edu','student',22);
INSERT INTO GroupTable (email, groupName, userID) VALUES ('test9@uco.edu','student',23);
INSERT INTO GroupTable (email, groupName, userID) VALUES ('test10@uco.edu',24);
INSERT INTO GroupTable (email, groupName, userID) VALUES ('test11@uco.edu','student',25);


INSERT INTO UserTable (email,ucoID,firstName,lastName,password) VALUES ('test11@uco.edu','66571717','apple','smith','c4289629b08bc4d61411aaa6d6d4a0c3c5f8c1e848e282976e29b6bed5aeedc7');
INSERT INTO UserTable (email,ucoID,firstName,lastName,password) VALUES ('test12@uco.edu','42638067','joey','oreilly','c4289629b08bc4d61411aaa6d6d4a0c3c5f8c1e848e282976e29b6bed5aeedc7');
INSERT INTO UserTable (email,ucoID,firstName,lastName,password) VALUES ('test13@uco.edu','68098644','john','tutor','c4289629b08bc4d61411aaa6d6d4a0c3c5f8c1e848e282976e29b6bed5aeedc7');
INSERT INTO UserTable (email,ucoID,firstName,lastName,password) VALUES ('test14@uco.edu','81891981','james','broch','c4289629b08bc4d61411aaa6d6d4a0c3c5f8c1e848e282976e29b6bed5aeedc7');
INSERT INTO UserTable (email,ucoID,firstName,lastName,password) VALUES ('test15@uco.edu','92706320','mindy','morgan','c4289629b08bc4d61411aaa6d6d4a0c3c5f8c1e848e282976e29b6bed5aeedc7');
INSERT INTO UserTable (email,ucoID,firstName,lastName,password) VALUES ('test16@uco.edu','31713272','lauren','lago','c4289629b08bc4d61411aaa6d6d4a0c3c5f8c1e848e282976e29b6bed5aeedc7');
INSERT INTO GroupTable (email, groupName, userID) VALUES ('test11@uco.edu','student',26);
INSERT INTO GroupTable (email, groupName, userID) VALUES ('test12@uco.edu','student'27);
INSERT INTO GroupTable (email, groupName, userID) VALUES ('test13@uco.edu','student',28);
INSERT INTO GroupTable (email, groupName, userID) VALUES ('test14@uco.edu','student',29);
INSERT INTO GroupTable (email, groupName, userID) VALUES ('test15@uco.edu','student',30);
INSERT INTO GroupTable (email, groupName, userID) VALUES ('test16@uco.edu','student',31);
INSERT INTO UserTable (email,ucoID,firstName,lastName,password) VALUES ('test17@uco.edu','92706320','bridgette','thomas','c4289629b08bc4d61411aaa6d6d4a0c3c5f8c1e848e282976e29b6bed5aeedc7');
INSERT INTO UserTable (email,ucoID,firstName,lastName,password) VALUES ('test18@uco.edu','31713272','nick','stevens','c4289629b08bc4d61411aaa6d6d4a0c3c5f8c1e848e282976e29b6bed5aeedc7');
INSERT INTO GroupTable (email, groupName, userID) VALUES ('test17@uco.edu','student',32);
INSERT INTO GroupTable (email, groupName, userID) VALUES ('test18@uco.edu','student',33);

INSERT INTO GroupTable (email, groupName, userID) VALUES ('derek@techdudes.com','student',1);
INSERT INTO GroupTable (email, groupName, userID) VALUES ('ante@loremvehicula.com','student',2);
INSERT INTO GroupTable (email, groupName, userID) VALUES ('sed.est@purusmauris.org','student',3);
INSERT INTO GroupTable (email, groupName, userID) VALUES ('ullamcorper.magna@nonarcuVivamus.co.uk','student',4);
INSERT INTO GroupTable (email, groupName, userID) VALUES ('turpis@mauris.co.uk','admin',5);
INSERT INTO GroupTable (email, groupName, userID) VALUES ('adipiscing@odiovel.ca','admin',6);
INSERT INTO GroupTable (email, groupName, userID) VALUES ('elit.elit@netusetmalesuada.com','admin',7);
INSERT INTO GroupTable (email, groupName, userID) VALUES ('Morbi.neque@sociis.edu','secretary',8);
INSERT INTO GroupTable (email, groupName, userID) VALUES ('mi.Duis.risus@urnaconvallis.org','secretary',9);
INSERT INTO GroupTable (email, groupName, userID) VALUES ('faucibus.lectus.a@malesuadaaugueut.net','secretary',10);
INSERT INTO GroupTable (email, groupName, userID) VALUES ('student@test.com','student',11);
INSERT INTO GroupTable (email, groupName, userID) VALUES ('admin@test.com','admin',12);
INSERT INTO GroupTable (email, groupName, userID) VALUES ('secretary@test.com','secretary',13);

INSERT INTO Course (hours, dept, courseNumber, title) values (3,'CMSC',1053,'Pro computer Apps & Prob Solv');
INSERT INTO Course (hours, dept, courseNumber, title) values (3,'CMSC',1103,'Intro Computing Sys');
INSERT INTO Course (hours, dept, courseNumber, title) values (3,'CMSC',1513,'Beginning Programming');
INSERT INTO Course (hours, dept, courseNumber, title) values (1,'CMSC',1521,'Beginning Programming Lab');
INSERT INTO Course (hours, dept, courseNumber, title) values (3,'CMSC',1613,'Programming I');
INSERT INTO Course (hours, dept, courseNumber, title) values (1,'CMSC',1621,'Programming I Lab');
INSERT INTO Course (hours, dept, courseNumber, title) values (3,'CMSC',2123,'Discrete Structures');
INSERT INTO Course (hours, dept, courseNumber, title) values (3,'CMSC',2413,'Visual Programming');
INSERT INTO Course (hours, dept, courseNumber, title) values (3,'CMSC',2613,'Programming II');
INSERT INTO Course (hours, dept, courseNumber, title) values (3,'CMSC',2833,'Computer Orginization II');
INSERT INTO Course (hours, dept, courseNumber, title) values (3,'CMSC',2833,'Computer Orginization I');
INSERT INTO Course (hours, dept, courseNumber, title) values (3,'CMSC',3413,'Advanced Visual Programming');
INSERT INTO Course (hours, dept, courseNumber, title) values (3,'CMSC',3613,'Data Structures & Algorithms');
INSERT INTO Course (hours, dept, courseNumber, title) values (3,'CMSC',4003,'Appl Database Management');
INSERT INTO Course (hours, dept, courseNumber, title) values (3,'CMSC',4023,'Programming Languages');
INSERT INTO Course (hours, dept, courseNumber, title) values (3,'CMSC',4063,'Networks');
INSERT INTO Course (hours, dept, courseNumber, title) values (3,'CMSC',4133,'Concepts Of AI');
INSERT INTO Course (hours, dept, courseNumber, title) values (3,'CMSC',4153,'Operating Systems');
INSERT INTO Course (hours, dept, courseNumber, title) values (3,'CMSC',4173,'Translator Design');
INSERT INTO Course (hours, dept, courseNumber, title) values (3,'CMSC',4193,'Introduction to Robotics');
INSERT INTO Course (hours, dept, courseNumber, title) values (3,'CMSC',4273,'Theory Of Computing');
INSERT INTO Course (hours, dept, courseNumber, title) values (3,'CMSC',4283,'Software Engineering I');
INSERT INTO Course (hours, dept, courseNumber, title) values (3,'CMSC',4303,'Mobile Apps Programming');
INSERT INTO Course (hours, dept, courseNumber, title) values (3,'CMSC',4323,'Computer and Network Security');
INSERT INTO Course (hours, dept, courseNumber, title) values (3,'CMSC',4373,'Web Server Programming');
INSERT INTO Course (hours, dept, courseNumber, title) values (3,'CMSC',4401,'Ethics in Computing');
INSERT INTO Course (hours, dept, courseNumber, title) values (3,'CMSC',4513,'Software Design and Developement');
INSERT INTO Course (hours, dept, courseNumber, title) values (3,'SE',4423,'Software Engineering II');

INSERT INTO CourseOffering (courseNumber, semester, yearOffered) VALUES (1053, 'Fall',2015);
INSERT INTO CourseOffering (courseNumber, semester, yearOffered) VALUES (1103, 'Fall',2015);
INSERT INTO CourseOffering (courseNumber, semester, yearOffered) VALUES (1513, 'Fall',2015);
INSERT INTO CourseOffering (courseNumber, semester, yearOffered) VALUES (1521, 'Fall',2015);
INSERT INTO CourseOffering (courseNumber, semester, yearOffered) VALUES (1613, 'Fall',2015);
INSERT INTO CourseOffering (courseNumber, semester, yearOffered) VALUES (1621, 'Fall',2015);
INSERT INTO CourseOffering (courseNumber, semester, yearOffered) VALUES (2123, 'Fall',2015);
INSERT INTO CourseOffering (courseNumber, semester, yearOffered) VALUES (2413, 'Fall',2015);
INSERT INTO CourseOffering (courseNumber, semester, yearOffered) VALUES (2613, 'Fall',2015);
INSERT INTO CourseOffering (courseNumber, semester, yearOffered) VALUES (2833, 'Fall',2015);
INSERT INTO CourseOffering (courseNumber, semester, yearOffered) VALUES (4423, 'Fall',2015);
INSERT INTO CourseOffering (courseNumber, semester, yearOffered) VALUES (4513, 'Fall',2015);
INSERT INTO CourseOffering (courseNumber, semester, yearOffered) VALUES (4323, 'Fall',2015);
INSERT INTO CourseOffering (courseNumber, semester, yearOffered) VALUES (4303, 'Fall',2015);
INSERT INTO CourseOffering (courseNumber, semester, yearOffered) VALUES (4283, 'Fall',2015);
INSERT INTO CourseOffering (courseNumber, semester, yearOffered) VALUES (4273, 'Fall',2015);
INSERT INTO CourseOffering (courseNumber, semester, yearOffered) VALUES (4193, 'Fall',2015);
INSERT INTO CourseOffering (courseNumber, semester, yearOffered) VALUES (4153, 'Fall',2015);
INSERT INTO CourseOffering (courseNumber, semester, yearOffered) VALUES (4023, 'Fall',2015);
INSERT INTO CourseOffering (courseNumber, semester, yearOffered) VALUES (4003, 'Fall',2015);



INSERT INTO MajorCodes (userID, majorCode) VALUES (1,'6100');
INSERT INTO MajorCodes (userID, majorCode) VALUES (2,'6101');
INSERT INTO MajorCodes (userID, majorCode) VALUES (3,'6100');
INSERT INTO MajorCodes (userID, majorCode) VALUES (4,'6101');
INSERT INTO MajorCodes (userID, majorCode) VALUES (5,'6100');
INSERT INTO MajorCodes (userID, majorCode) VALUES (6,'6101');
INSERT INTO MajorCodes (userID, majorCode) VALUES (7,'6101');
INSERT INTO MajorCodes (userID, majorCode) VALUES (8,'6100');
INSERT INTO MajorCodes (userID, majorCode) VALUES (9,'6101');
INSERT INTO MajorCodes (userID, majorCode) VALUES (10,'6101');
INSERT INTO MajorCodes (userID, majorCode) VALUES (11,'6101');

INSERT INTO Schedule (userID, approved, holdRemoved) VALUES (1,false,false);
INSERT INTO Schedule (userID, approved, holdRemoved) VALUES (2,false,false);
INSERT INTO Schedule (userID, approved, holdRemoved) VALUES (3,false,false);
INSERT INTO Schedule (userID, approved, holdRemoved) VALUES (4,true,false);
INSERT INTO Schedule (userID, approved, holdRemoved) VALUES (5,true,false);
INSERT INTO Schedule (userID, approved, holdRemoved) VALUES (6,true,false);
INSERT INTO Schedule (userID, approved, holdRemoved) VALUES (7,true,false);
INSERT INTO Schedule (userID, approved, holdRemoved) VALUES (8,true,false);
INSERT INTO Schedule (userID, approved, holdRemoved) VALUES (9,true,false);
INSERT INTO Schedule (userID, approved, holdRemoved) VALUES (10,true,false);
INSERT INTO Schedule (userID, approved, holdRemoved) VALUES (1,true,false);

INSERT INTO CourseScheduleLinkage (scheduleID, courseID) VALUES (1,1);
INSERT INTO CourseScheduleLinkage (scheduleID, courseID) VALUES (1,2);
INSERT INTO CourseScheduleLinkage (scheduleID, courseID) VALUES (1,3);
INSERT INTO CourseScheduleLinkage (scheduleID, courseID) VALUES (1,4);
INSERT INTO CourseScheduleLinkage (scheduleID, courseID) VALUES (2,5);
INSERT INTO CourseScheduleLinkage (scheduleID, courseID) VALUES (2,6);
INSERT INTO CourseScheduleLinkage (scheduleID, courseID) VALUES (2,7);
INSERT INTO CourseScheduleLinkage (scheduleID, courseID) VALUES (2,8);
INSERT INTO CourseScheduleLinkage (scheduleID, courseID) VALUES (3,9);
INSERT INTO CourseScheduleLinkage (scheduleID, courseID) VALUES (3,2);
INSERT INTO CourseScheduleLinkage (scheduleID, courseID) VALUES (3,3);
INSERT INTO CourseScheduleLinkage (scheduleID, courseID) VALUES (3,4);
INSERT INTO CourseScheduleLinkage (scheduleID, courseID) VALUES (4,5);
INSERT INTO CourseScheduleLinkage (scheduleID, courseID) VALUES (4,6);
INSERT INTO CourseScheduleLinkage (scheduleID, courseID) VALUES (4,7);
INSERT INTO CourseScheduleLinkage (scheduleID, courseID) VALUES (4,8);
INSERT INTO CourseScheduleLinkage (scheduleID, courseID) VALUES (5,7);
INSERT INTO CourseScheduleLinkage (scheduleID, courseID) VALUES (5,6);
INSERT INTO CourseScheduleLinkage (scheduleID, courseID) VALUES (5,5);
INSERT INTO CourseScheduleLinkage (scheduleID, courseID) VALUES (5,14);
INSERT INTO CourseScheduleLinkage (scheduleID, courseID) VALUES (6,3);
INSERT INTO CourseScheduleLinkage (scheduleID, courseID) VALUES (6,14);
INSERT INTO CourseScheduleLinkage (scheduleID, courseID) VALUES (6,15);
INSERT INTO CourseScheduleLinkage (scheduleID, courseID) VALUES (6,16);
INSERT INTO CourseScheduleLinkage (scheduleID, courseID) VALUES (7,17);
INSERT INTO CourseScheduleLinkage (scheduleID, courseID) VALUES (7,18);
INSERT INTO CourseScheduleLinkage (scheduleID, courseID) VALUES (7,13);
INSERT INTO CourseScheduleLinkage (scheduleID, courseID) VALUES (7,16);
INSERT INTO CourseScheduleLinkage (scheduleID, courseID) VALUES (8,17);
INSERT INTO CourseScheduleLinkage (scheduleID, courseID) VALUES (8,12);
INSERT INTO CourseScheduleLinkage (scheduleID, courseID) VALUES (8,19);
INSERT INTO CourseScheduleLinkage (scheduleID, courseID) VALUES (9,16);
INSERT INTO CourseScheduleLinkage (scheduleID, courseID) VALUES (9,15);
INSERT INTO CourseScheduleLinkage (scheduleID, courseID) VALUES (9,14);
INSERT INTO CourseScheduleLinkage (scheduleID, courseID) VALUES (9,13);
INSERT INTO CourseScheduleLinkage (scheduleID, courseID) VALUES (10,16);
INSERT INTO CourseScheduleLinkage (scheduleID, courseID) VALUES (10,14);
INSERT INTO CourseScheduleLinkage (scheduleID, courseID) VALUES (10,13);
INSERT INTO CourseScheduleLinkage (scheduleID, courseID) VALUES (10,12);
INSERT INTO CourseScheduleLinkage (scheduleID, courseID) VALUES (11,16);
INSERT INTO CourseScheduleLinkage (scheduleID, courseID) VALUES (11,15);
INSERT INTO CourseScheduleLinkage (scheduleID, courseID) VALUES (11,14);
INSERT INTO CourseScheduleLinkage (scheduleID, courseID) VALUES (11,13);

INSERT INTO TakenCourses (courseID, userID, grade) VALUES (1,1,'A');
INSERT INTO TakenCourses (courseID, userID, grade) VALUES (2,1,'A');
INSERT INTO TakenCourses (courseID, userID, grade) VALUES (3,2,'A');
INSERT INTO TakenCourses (courseID, userID, grade) VALUES (4,2,'A');
INSERT INTO TakenCourses (courseID, userID, grade) VALUES (5,3,'A');
INSERT INTO TakenCourses (courseID, userID, grade) VALUES (6,3,'A');
INSERT INTO TakenCourses (courseID, userID, grade) VALUES (7,4,'A');
INSERT INTO TakenCourses (courseID, userID, grade) VALUES (8,4,'A');
INSERT INTO TakenCourses (courseID, userID, grade) VALUES (9,5,'A');
INSERT INTO TakenCourses (courseID, userID, grade) VALUES (10,5,'A');
INSERT INTO TakenCourses (courseID, userID, grade) VALUES (11,6,'A');
INSERT INTO TakenCourses (courseID, userID, grade) VALUES (12,6,'A');
INSERT INTO TakenCourses (courseID, userID, grade) VALUES (13,7,'A');
INSERT INTO TakenCourses (courseID, userID, grade) VALUES (14,7,'A');
INSERT INTO TakenCourses (courseID, userID, grade) VALUES (15,8,'A');
INSERT INTO TakenCourses (courseID, userID, grade) VALUES (16,8,'A');
INSERT INTO TakenCourses (courseID, userID, grade) VALUES (17,9,'A');
INSERT INTO TakenCourses (courseID, userID, grade) VALUES (18,9,'A');
INSERT INTO TakenCourses (courseID, userID, grade) VALUES (19,10,'A');
INSERT INTO TakenCourses (courseID, userID, grade) VALUES (1,10,'A');
INSERT INTO TakenCourses (courseID, userID, grade) VALUES (3,1,'A');
INSERT INTO TakenCourses (courseID, userID, grade) VALUES (4,1,'A');
INSERT INTO TakenCourses (courseID, userID, grade) VALUES (5,2,'A');
INSERT INTO TakenCourses (courseID, userID, grade) VALUES (6,2,'A');
INSERT INTO TakenCourses (courseID, userID, grade) VALUES (7,3,'A');
INSERT INTO TakenCourses (courseID, userID, grade) VALUES (8,3,'A');
INSERT INTO TakenCourses (courseID, userID, grade) VALUES (9,4,'A');
INSERT INTO TakenCourses (courseID, userID, grade) VALUES (10,4,'A');
INSERT INTO TakenCourses (courseID, userID, grade) VALUES (11,5,'A');
INSERT INTO TakenCourses (courseID, userID, grade) VALUES (12,5,'A');
INSERT INTO TakenCourses (courseID, userID, grade) VALUES (13,6,'A');
INSERT INTO TakenCourses (courseID, userID, grade) VALUES (14,6,'A');
INSERT INTO TakenCourses (courseID, userID, grade) VALUES (15,7,'A');
INSERT INTO TakenCourses (courseID, userID, grade) VALUES (16,7,'A');
INSERT INTO TakenCourses (courseID, userID, grade) VALUES (17,8,'A');

insert into isprereq (maincourseid, prereqcourseid) values (5, 3);
insert into isprereq (maincourseid, prereqcourseid) values (7, 5);
insert into isprereq (maincourseid, prereqcourseid) values (8, 5);
insert into isprereq (maincourseid, prereqcourseid) values (9, 5);
insert into isprereq (maincourseid, prereqcourseid) values (10, 11);
insert into isprereq (maincourseid, prereqcourseid) values (11, 5);
insert into isprereq (maincourseid, prereqcourseid) values (13, 9);
insert into isprereq (maincourseid, prereqcourseid) values (15, 13);
insert into isprereq (maincourseid, prereqcourseid) values (14, 13);
insert into isprereq (maincourseid, prereqcourseid) values (16, 13);
insert into isprereq (maincourseid, prereqcourseid) values (17, 13);
insert into isprereq (maincourseid, prereqcourseid) values (18, 13);
insert into isprereq (maincourseid, prereqcourseid) values (19, 13);
insert into isprereq (maincourseid, prereqcourseid) values (20, 13);
insert into isprereq (maincourseid, prereqcourseid) values (21, 13);
insert into isprereq (maincourseid, prereqcourseid) values (22, 9);
insert into isprereq (maincourseid, prereqcourseid) values (23, 13);
insert into isprereq (maincourseid, prereqcourseid) values (25, 13);
insert into isprereq (maincourseid, prereqcourseid) values (26, 13);
insert into isprereq (maincourseid, prereqcourseid) values (27, 13);
insert into isprereq (maincourseid, prereqcourseid) values (28, 22);
insert into isprereq (maincourseid, prereqcourseid) values (6, 3);
insert into isprereq (maincourseid, prereqcourseid) values (12, 9);
insert into isprereq (maincourseid, prereqcourseid) values (24, 13);









insert into appointment_slots(appointmentid, userid) values(1,1);
insert into appointment_slots(appointmentid, userid) values(1,2);
insert into appointment_slots(appointmentid, userid) values(2,3);
insert into appointment_slots(appointmentid, userid) values(2,4);
insert into appointment_slots(appointmentid, userid) values(3,11);
insert into appointment_slots(appointmentid, userid) values(3,14);
insert into appointment_slots(appointmentid, userid) values(4,17);
insert into appointment_slots(appointmentid, userid) values(4,16);
insert into appointment_slots(appointmentid, userid) values(5,18);
insert into appointment_slots(appointmentid, userid) values(5,19);
insert into appointment_slots(appointmentid, userid) values(6,20);
insert into appointment_slots(appointmentid, userid) values(6,23);
insert into appointment_slots(appointmentid, userid) values(7,22);
insert into appointment_slots(appointmentid, userid) values(7,25);
insert into appointment_slots(appointmentid, userid) values(8,26);
insert into appointment_slots(appointmentid, userid) values(8,28);
insert into appointment_slots(appointmentid, userid) values(9,29);
insert into appointment_slots(appointmentid, userid) values(9,30);
insert into appointment_slots(appointmentid, userid) values(10,31);
insert into appointment_slots(appointmentid, userid) values(10,32);
insert into appointment_slots(appointmentid, userid) values(11,33);



insert into appointment(startdate, enddate, slots) values ('2015-04-27 22:30:00.000', '2015-04-27 22:40:00.000', 2); 
insert into appointment(startdate, enddate, slots) values ('2015-04-28 22:30:00.000', '2015-04-28 22:40:00.000', 2); 
insert into appointment(startdate, enddate, slots) values ('2015-04-29 22:30:00.000', '2015-04-29 22:40:00.000', 2); 
insert into appointment(startdate, enddate, slots) values ('2015-04-30 22:30:00.000', '2015-04-30 22:40:00.000', 2); 

insert into appointment(startdate, enddate, slots) values ('2015-05-01 22:30:00.000', '2015-05-01 22:40:00.000', 2); 
insert into appointment(startdate, enddate, slots) values ('2015-05-02 22:30:00.000', '2015-05-02 22:40:00.000', 2); 
insert into appointment(startdate, enddate, slots) values ('2015-05-03 22:30:00.000', '2015-05-03 22:40:00.000', 2); 
insert into appointment(startdate, enddate, slots) values ('2015-05-04 22:30:00.000', '2015-05-04 22:40:00.000', 2);
insert into appointment(startdate, enddate, slots) values ('2015-05-05 22:30:00.000', '2015-05-05 22:40:00.000', 2); 
insert into appointment(startdate, enddate, slots) values ('2015-05-06 22:30:00.000', '2015-05-06 22:40:00.000', 2); 
insert into appointment(startdate, enddate, slots) values ('2015-05-07 22:30:00.000', '2015-05-07 22:40:00.000', 2); 
insert into appointment(startdate, enddate, slots) values ('2015-05-08 22:30:00.000', '2015-05-08 22:40:00.000', 2);
insert into appointment(startdate, enddate, slots) values ('2015-05-09 22:30:00.000', '2015-05-09 22:40:00.000', 2); 
insert into appointment(startdate, enddate, slots) values ('2015-05-10 22:30:00.000', '2015-05-10 22:40:00.000', 2); 
insert into appointment(startdate, enddate, slots) values ('2015-05-11 22:30:00.000', '2015-05-11 22:40:00.000', 2); 
insert into appointment(startdate, enddate, slots) values ('2015-05-12 22:30:00.000', '2015-05-12 22:40:00.000', 2);



*









